domain,available,price,renewal_price
paha.com,True,97888.00,15.88
saoa.com,True,150000.00,15.88
faoa.com,True,5888.00,15.88
vaua.com,True,19999.00,15.88
iava.com,True,32000.00,15.88
xaca.com,True,165075.00,15.88
fapa.com,True,106960.00,15.88
iawa.com,True,19999.00,15.88
vawa.com,True,15000.00,15.88
faqa.com,True,15000.00,15.88
iaza.com,True,12000.00,15.88
fara.com,True,272550.00,15.88
xaea.com,True,7950.00,15.88
maha.com,True,750000.00,15.88
faua.com,True,19999.00,15.88
xaja.com,True,95000.00,15.88
gaxa.com,True,77122.00,15.88
maoa.com,True,20800.00,15.88
xama.com,True,75000.00,15.88
jaua.com,True,19999.00,15.88
eaaa.com,True,13191.00,15.88
yaoa.com,True,19999.00,15.88
caua.com,True,50000.00,15.88
yapa.com,True,236160.00,15.88
eada.com,True,500000.00,15.88
eaea.com,True,35000.00,15.88
kaua.com,True,14500.00,15.88
eaha.com,True,7400.00,15.88
yaua.com,True,19999.00,15.88
uapa.com,True,37000.00,15.88
eaja.com,True,7595.00,15.88
yawa.com,True,175000.00,15.88
oaea.com,True,19999.00,15.88
oafa.com,True,8495.00,15.88
uasa.com,True,22499.00,15.88
yaza.com,True,49000.00,15.88
laca.com,True,175000.00,15.88
eana.com,True,12995.00,15.88
aaga.com,True,19437.00,15.88
uava.com,True,12630.00,15.88
zata.com,True,66086.00,15.88
iaue.com,True,19999.00,15.88
maae.com,True,135000.00,15.88
fane.com,True,65335.00,15.88
vaue.com,True,19999.00,15.88
saoe.com,True,6000.00,15.88
paie.com,True,1875000.00,15.88
faoe.com,True,19999.00,15.88
xaae.com,True,1499.00,15.88
fape.com,True,145000.00,15.88
maee.com,True,32000.00,15.88
faqe.com,True,19000.00,15.88
pale.com,True,850000.00,15.88
iaze.com,True,19999.00,15.88
jaxe.com,True,29000.00,15.88
fase.com,True,151245.00,15.88
bame.com,True,71499.00,15.88
jace.com,True,750000.00,15.88
wace.com,True,149999.00,15.88
saue.com,True,2000.00,15.88
paoe.com,True,16000.00,15.88
jaae.com,True,19999.00,15.88
faue.com,True,19999.00,15.88
xahe.com,True,30000.00,15.88
wabe.com,True,472085.00,15.88
sawe.com,True,99950.00,15.88
xaie.com,True,19999.00,15.88
xake.com,True,89270.00,15.88
wafe.com,True,22000.00,15.88
bawe.com,True,35000.00,15.88
uaie.com,True,1995.00,15.88
nawe.com,True,12000.00,15.88
eaae.com,True,19999.00,15.88
haie.com,True,15000.00,15.88
uaje.com,True,19999.00,15.88
eabe.com,True,19999.00,15.88
kaqe.com,True,5999.00,15.88
uake.com,True,11000.00,15.88
oaxe.com,True,19999.00,15.88
eaee.com,True,19999.00,15.88
kase.com,True,116560.00,15.88
caze.com,True,235000.00,15.88
yase.com,True,130000.00,15.88
uame.com,True,19999.00,15.88
oaae.com,True,33888.00,15.88
uane.com,True,6788.00,15.88
kaue.com,True,10000.00,15.88
eahe.com,True,9950.00,15.88
uaoe.com,True,8256.00,15.88
haoe.com,True,211268.00,15.88
kawe.com,True,91000.00,15.88
oaee.com,True,23888.00,15.88
eaje.com,True,7950.00,15.88
aaee.com,True,48000.00,15.88
yaze.com,True,63223.00,15.88
oage.com,True,22499.00,15.88
uase.com,True,19999.00,15.88
laxe.com,True,150000.00,15.88
aafe.com,True,65999.00,15.88
eame.com,True,125000.00,15.88
hate.com,True,344138.00,15.88
uaue.com,True,40412.00,15.88
haue.com,True,19999.00,15.88
aaie.com,True,25000.00,15.88
xaxi.com,True,21888.00,15.88
xaci.com,True,24950.00,15.88
iawi.com,True,19999.00,15.88
fapi.com,True,25099.00,15.88
baii.com,True,105000.00,15.88
xaai.com,True,49895.00,15.88
pami.com,True,88888.00,15.88
xaei.com,True,19999.00,15.88
waxi.com,True,109331.00,15.88
xafi.com,True,29500.00,15.88
maii.com,True,25000.00,15.88
faui.com,True,125000.00,15.88
maji.com,True,76487.00,15.88
xahi.com,True,9432.00,15.88
xaii.com,True,7950.00,15.88
sayi.com,True,39000.00,15.88
wadi.com,True,649888.00,15.88
jafi.com,True,28169.00,15.88
bari.com,True,437000.00,15.88
mani.com,True,500000.00,15.88
maoi.com,True,23499.00,15.88
gaei.com,True,5631.00,15.88
qahi.com,True,94366.00,15.88
caui.com,True,7350.00,15.88
rabi.com,True,175000.00,15.88
nayi.com,True,27000.00,15.88
eabi.com,True,8911.00,15.88
uaki.com,True,3423.00,15.88
yari.com,True,125000.00,15.88
oaci.com,True,19999.00,15.88
eafi.com,True,65000.00,15.88
oaai.com,True,9999.00,15.88
yati.com,True,350000.00,15.88
uaoi.com,True,19999.00,15.88
yaui.com,True,19999.00,15.88
uapi.com,True,24499.00,15.88
oaei.com,True,5003.00,15.88
aabi.com,True,200000.00,15.88
aaei.com,True,19999.00,15.88
uati.com,True,10799.00,15.88
laci.com,True,225000.00,15.88
oaii.com,True,4999.00,15.88
uaui.com,True,1995.00,15.88
laai.com,True,35000.00,15.88
oaji.com,True,19999.00,15.88
oari.com,True,75888.00,15.88
paho.com,True,78000.00,15.88
xaxo.com,True,93911.00,15.88
iauo.com,True,1995.00,15.88
xaco.com,True,12500.00,15.88
saoo.com,True,5898.00,15.88
pajo.com,True,17000.00,15.88
fapo.com,True,165000.00,15.88
mado.com,True,97545.00,15.88
xabo.com,True,9500.00,15.88
iayo.com,True,19999.00,15.88
vawo.com,True,19999.00,15.88
saqo.com,True,22000.00,15.88
palo.com,True,500000.00,15.88
iazo.com,True,32965.00,15.88
waco.com,True,275000.00,15.88
xaio.com,True,19999.00,15.88
baqo.com,True,27550.00,15.88
jaeo.com,True,19999.00,15.88
pato.com,True,500000.00,15.88
wafo.com,True,45000.00,15.88
gaao.com,True,12500.00,15.88
qabo.com,True,8500.00,15.88
xazo.com,True,19000.00,15.88
cauo.com,True,19999.00,15.88
uako.com,True,19999.00,15.88
yaqo.com,True,31350.00,15.88
oaxo.com,True,23180.15,15.88
eaeo.com,True,15000.00,15.88
ualo.com,True,47850.00,15.88
oaco.com,True,10000.00,15.88
aaxo.com,True,24000.00,15.88
uano.com,True,11700.00,15.88
raio.com,True,195000.00,15.88
oabo.com,True,19999.00,15.88
eaho.com,True,11999.00,15.88
yauo.com,True,19999.00,15.88
uaoo.com,True,19999.00,15.88
eaio.com,True,18380.00,15.88
haqo.com,True,9995.00,15.88
oaeo.com,True,33888.00,15.88
uaqo.com,True,14199.00,15.88
ralo.com,True,65000.00,15.88
eako.com,True,9999.00,15.88
oago.com,True,26225.00,15.88
ealo.com,True,21999.00,15.88
uaso.com,True,19999.00,15.88
oaho.com,True,19999.00,15.88
uato.com,True,53888.00,15.88
hauo.com,True,19999.00,15.88
oajo.com,True,37995.00,15.88
eaqo.com,True,7150.00,15.88
xaxu.com,True,35000.00,15.88
vauu.com,True,19999.00,15.88
saou.com,True,22666.00,15.88
faou.com,True,9000.00,15.88
bahu.com,True,21392.00,15.88
xacu.com,True,30000.00,15.88
mabu.com,True,50000.00,15.88
xaau.com,True,9850.00,15.88
iayu.com,True,24999.00,15.88
baju.com,True,75000.00,15.88
saqu.com,True,15000.00,15.88
maeu.com,True,7278.00,15.88
iazu.com,True,7650.00,15.88
saru.com,True,225000.00,15.88
sasu.com,True,38000.00,15.88
xaeu.com,True,1499.00,15.88
bamu.com,True,20000.00,15.88
wacu.com,True,25000.00,15.88
sauu.com,True,12500.00,15.88
xagu.com,True,5500.00,15.88
favu.com,True,19000.00,15.88
baou.com,True,9507.00,15.88
papu.com,True,35000.00,15.88
jabu.com,True,25604.00,15.88
xahu.com,True,19999.00,15.88
wabu.com,True,49000.00,15.88
sawu.com,True,28000.00,15.88
malu.com,True,1180803.00,15.88
xaju.com,True,19999.00,15.88
waeu.com,True,9500.00,15.88
xaku.com,True,99995.00,15.88
basu.com,True,669995.00,15.88
caxu.com,True,30000.00,15.88
eaau.com,True,35000.00,15.88
uaiu.com,True,1995.00,15.88
halu.com,True,23312.00,15.88
eaeu.com,True,5000.00,15.88
kasu.com,True,234979.00,15.88
hamu.com,True,18000.00,15.88
eafu.com,True,989.00,15.88
uamu.com,True,8000.00,15.88
oacu.com,True,19995.00,15.88
rahu.com,True,19500.00,15.88
aaxu.com,True,19999.00,15.88
oaau.com,True,9995.00,15.88
yauu.com,True,19999.00,15.88
eahu.com,True,3399.00,15.88
uaou.com,True,1995.00,15.88
kawu.com,True,72887.00,15.88
eaiu.com,True,1995.00,15.88
raju.com,True,65000.00,15.88
eaju.com,True,24999.00,15.88
uaqu.com,True,24999.00,15.88
aabu.com,True,7788.00,15.88
oaeu.com,True,19999.00,15.88
eaku.com,True,19999.00,15.88
oafu.com,True,5000.00,15.88
yazu.com,True,36000.00,15.88
hasu.com,True,48904.00,15.88
laxu.com,True,10000.00,15.88
oagu.com,True,2125.00,15.88
zaxu.com,True,70423.00,15.88
lacu.com,True,99999.00,15.88
aafu.com,True,7898.00,15.88
aagu.com,True,10000.00,15.88
uavu.com,True,6499.00,15.88
zaku.com,True,225000.00,15.88
maay.com,True,8349.00,15.88
xaxy.com,True,17599.00,15.88
pahy.com,True,9000.00,15.88
iauy.com,True,5288.00,15.88
faoy.com,True,55000.00,15.88
vauy.com,True,7950.00,15.88
iavy.com,True,2877.00,15.88
iawy.com,True,9000.00,15.88
maey.com,True,9899.00,15.88
faqy.com,True,19999.00,15.88
paky.com,True,19999.00,15.88
vawy.com,True,7950.00,15.88
iayy.com,True,50000.00,15.88
mafy.com,True,6999.00,15.88
xady.com,True,19999.00,15.88
fary.com,True,34999.00,15.88
vayy.com,True,86000.00,15.88
iazy.com,True,19999.00,15.88
baly.com,True,79000.00,15.88
xaey.com,True,5735.00,15.88
vazy.com,True,30000.00,15.88
jaxy.com,True,19999.00,15.88
saty.com,True,53000.00,15.88
faty.com,True,48500.00,15.88
sauy.com,True,19999.00,15.88
fauy.com,True,10000.00,15.88
jaay.com,True,19999.00,15.88
xahy.com,True,3888.00,15.88
baoy.com,True,19999.00,15.88
waay.com,True,100000.00,15.88
xaiy.com,True,1895.00,15.88
fawy.com,True,15000.00,15.88
baqy.com,True,3700.00,15.88
xajy.com,True,2394.00,15.88
jafy.com,True,24999.00,15.88
basy.com,True,44000.00,15.88
maoy.com,True,19999.00,15.88
wagy.com,True,46150.00,15.88
taay.com,True,19888.00,15.88
tafy.com,True,44000.00,15.88
qagy.com,True,8799.00,15.88
cafy.com,True,30000.00,15.88
kapy.com,True,37000.00,15.88
nayy.com,True,19999.00,15.88
cavy.com,True,28000.00,15.88
kaqy.com,True,14299.00,15.88
uaky.com,True,19999.00,15.88
haky.com,True,29000.00,15.88
oaxy.com,True,25000.00,15.88
eaey.com,True,19999.00,15.88
haly.com,True,42000.00,15.88
yary.com,True,24000.00,15.88
kasy.com,True,120235.00,15.88
uamy.com,True,7750.00,15.88
cazy.com,True,50000.00,15.88
eagy.com,True,4499.00,15.88
rahy.com,True,19999.00,15.88
yaty.com,True,18000.00,15.88
haoy.com,True,120000.00,15.88
eaiy.com,True,1995.00,15.88
hapy.com,True,250000.00,15.88
kawy.com,True,19999.00,15.88
oaey.com,True,17995.00,15.88
uaqy.com,True,5595.00,15.88
yawy.com,True,10000.00,15.88
kayy.com,True,22499.00,15.88
oafy.com,True,19999.00,15.88
uary.com,True,19999.00,15.88
aady.com,True,16099.00,15.88
hary.com,True,350000.00,15.88
kazy.com,True,32699.00,15.88
yayy.com,True,22499.00,15.88
uasy.com,True,19999.00,15.88
aaey.com,True,6888.00,15.88
laxy.com,True,30000.00,15.88
oahy.com,True,9999.00,15.88
eamy.com,True,19999.00,15.88
rany.com,True,55000.00,15.88
hauy.com,True,10000.00,15.88
havy.com,True,60399.00,15.88
eaqy.com,True,7099.00,15.88
zamy.com,True,33000.00,15.88
xexa.com,True,47760.00,15.88
peia.com,True,3000.00,15.88
veua.com,True,99876.00,15.88
xeaa.com,True,19999.00,15.88
fesa.com,True,49888.00,15.88
xeea.com,True,24999.00,15.88
jeca.com,True,98888.00,15.88
xefa.com,True,25000.00,15.88
meia.com,True,350000.00,15.88
feua.com,True,19999.00,15.88
xega.com,True,28950.00,15.88
beoa.com,True,19999.00,15.88
mela.com,True,275000.00,15.88
beqa.com,True,33165.00,15.88
jeea.com,True,18999.00,15.88
xeka.com,True,27000.00,15.88
xela.com,True,250000.00,15.88
wega.com,True,125000.00,15.88
ceaa.com,True,28945.00,15.88
qeqa.com,True,10500.00,15.88
eeaa.com,True,21499.00,15.88
keqa.com,True,9500.00,15.88
ueja.com,True,19999.00,15.88
ueka.com,True,75000.00,15.88
oexa.com,True,1299.00,15.88
ceya.com,True,39000.00,15.88
oeca.com,True,14999.00,15.88
uema.com,True,55000.00,15.88
keua.com,True,3788.00,15.88
eega.com,True,10147.00,15.88
uena.com,True,19999.00,15.88
eeha.com,True,1068530.00,15.88
yeva.com,True,49000.00,15.88
aeba.com,True,12500.00,15.88
eeka.com,True,15553.00,15.88
uera.com,True,32850.00,15.88
eela.com,True,29000.00,15.88
uesa.com,True,8788.00,15.88
oeha.com,True,19999.00,15.88
oeia.com,True,19888.00,15.88
ieue.com,True,9988.00,15.88
bege.com,True,100000.00,15.88
peie.com,True,259776.00,15.88
ieve.com,True,8588.00,15.88
xeae.com,True,19999.00,15.88
iewe.com,True,4788.00,15.88
peje.com,True,135000.00,15.88
seqe.com,True,9500.00,15.88
feqe.com,True,29000.00,15.88
vewe.com,True,19000.00,15.88
peke.com,True,79999.00,15.88
mefe.com,True,57199.00,15.88
mege.com,True,27000.00,15.88
fese.com,True,29000.00,15.88
bele.com,True,249888.00,15.88
jexe.com,True,35250.00,15.88
mehe.com,True,200000.00,15.88
xefe.com,True,19999.00,15.88
seue.com,True,19999.00,15.88
meie.com,True,40088.00,15.88
feue.com,True,19999.00,15.88
jeae.com,True,7950.00,15.88
seve.com,True,32088.00,15.88
xehe.com,True,26740.00,15.88
pepe.com,True,869420.00,15.88
xeie.com,True,40493.00,15.88
xeje.com,True,30000.00,15.88
seze.com,True,498888.00,15.88
feze.com,True,125000.00,15.88
xeke.com,True,23000.00,15.88
wefe.com,True,34999.00,15.88
jege.com,True,25000.00,15.88
teie.com,True,58888.00,15.88
ceqe.com,True,35000.00,15.88
keoe.com,True,6600.00,15.88
eeae.com,True,15299.00,15.88
newe.com,True,60739.00,15.88
heie.com,True,19999.00,15.88
yepe.com,True,275352.00,15.88
keqe.com,True,30000.00,15.88
reee.com,True,125000.00,15.88
uele.com,True,12148.00,15.88
kese.com,True,30000.00,15.88
yese.com,True,113380.00,15.88
ueme.com,True,8995.00,15.88
heme.com,True,85000.00,15.88
uene.com,True,2875.00,15.88
aexe.com,True,2999.00,15.88
oebe.com,True,202464.00,15.88
reie.com,True,15000.00,15.88
heoe.com,True,19999.00,15.88
reje.com,True,500000.00,15.88
aeae.com,True,39000.00,15.88
oeee.com,True,10445.00,15.88
reke.com,True,236160.00,15.88
aebe.com,True,19999.00,15.88
uere.com,True,65000.00,15.88
oefe.com,True,5799.00,15.88
uese.com,True,6788.00,15.88
lexe.com,True,47000.00,15.88
uete.com,True,1980.00,15.88
oehe.com,True,3995.00,15.88
hete.com,True,42000.00,15.88
aefe.com,True,15000.00,15.88
zece.com,True,15000.00,15.88
ueue.com,True,29000.00,15.88
leae.com,True,19999.00,15.88
eeoe.com,True,19999.00,15.88
zede.com,True,100000.00,15.88
leue.com,True,99888.00,15.88
seni.com,True,100000.00,15.88
xexi.com,True,28000.00,15.88
ieui.com,True,1995.00,15.88
behi.com,True,55000.00,15.88
seoi.com,True,19999.00,15.88
xeai.com,True,3999.00,15.88
vewi.com,True,11995.00,15.88
meei.com,True,19999.00,15.88
beji.com,True,18000.00,15.88
ieyi.com,True,19999.00,15.88
seqi.com,True,19000.00,15.88
veyi.com,True,39999.00,15.88
iezi.com,True,10000.00,15.88
peni.com,True,500000.00,15.88
wexi.com,True,29000.00,15.88
xegi.com,True,19000.00,15.88
jeai.com,True,200000.00,15.88
beoi.com,True,13888.00,15.88
xehi.com,True,9000.00,15.88
webi.com,True,3760000.00,15.88
xeii.com,True,6888.00,15.88
feyi.com,True,68388.00,15.88
xeji.com,True,25000.00,15.88
fezi.com,True,19999.00,15.88
jefi.com,True,500000.00,15.88
jehi.com,True,9995.00,15.88
keoi.com,True,19999.00,15.88
yeoi.com,True,10000.00,15.88
heii.com,True,10000.00,15.88
eeai.com,True,19999.00,15.88
neyi.com,True,39999.00,15.88
reei.com,True,8500.00,15.88
keri.com,True,242830.00,15.88
oexi.com,True,7950.00,15.88
yesi.com,True,95000.00,15.88
oeai.com,True,8912.00,15.88
heoi.com,True,5826.00,15.88
kevi.com,True,49000.00,15.88
reji.com,True,45000.00,15.88
yewi.com,True,9950.00,15.88
ueqi.com,True,9888.00,15.88
heri.com,True,613150.00,15.88
oehi.com,True,4999.00,15.88
reoi.com,True,14999.00,15.88
zeci.com,True,15000.00,15.88
oeli.com,True,19999.00,15.88
leii.com,True,64999.00,15.88
seno.com,True,69900.00,15.88
meao.com,True,19999.00,15.88
ieuo.com,True,1995.00,15.88
peio.com,True,24238.00,15.88
feoo.com,True,23911.00,15.88
xeco.com,True,82700.00,15.88
pejo.com,True,44000.00,15.88
xeao.com,True,19999.00,15.88
pelo.com,True,138000.00,15.88
xeeo.com,True,12000.00,15.88
jeco.com,True,112550.00,15.88
seuo.com,True,19999.00,15.88
peoo.com,True,5000.00,15.88
jeao.com,True,5890.00,15.88
xego.com,True,39995.00,15.88
beoo.com,True,53480.00,15.88
weao.com,True,10900.00,15.88
pepo.com,True,137335.00,15.88
xeho.com,True,19999.00,15.88
jedo.com,True,89000.00,15.88
wedo.com,True,249500.00,15.88
jeeo.com,True,19999.00,15.88
meoo.com,True,17845.00,15.88
beuo.com,True,19999.00,15.88
mewo.com,True,120000.00,15.88
yeoo.com,True,3100.00,15.88
ueio.com,True,1995.00,15.88
uejo.com,True,2500.00,15.88
redo.com,True,399888.00,15.88
eedo.com,True,10563.00,15.88
reeo.com,True,12000.00,15.88
cewo.com,True,10696.00,15.88
uemo.com,True,7250.00,15.88
hemo.com,True,500000.00,15.88
oeao.com,True,14600.00,15.88
eego.com,True,35000.00,15.88
ueno.com,True,164490.00,15.88
keuo.com,True,8495.00,15.88
aexo.com,True,10000.00,15.88
oebo.com,True,12899.00,15.88
yeuo.com,True,295200.00,15.88
heoo.com,True,3000.00,15.88
oedo.com,True,21499.00,15.88
rejo.com,True,145000.00,15.88
heqo.com,True,19999.00,15.88
yeyo.com,True,56000.00,15.88
uero.com,True,19999.00,15.88
kezo.com,True,49000.00,15.88
eelo.com,True,19995.00,15.88
oego.com,True,54099.00,15.88
aeeo.com,True,22788.00,15.88
ueto.com,True,6000.00,15.88
aefo.com,True,51799.00,15.88
hewo.com,True,500000.00,15.88
vetu.com,True,75000.00,15.88
begu.com,True,223450.00,15.88
pehu.com,True,15000.00,15.88
feou.com,True,4499.00,15.88
ievu.com,True,7500.00,15.88
beiu.com,True,3500.00,15.88
fequ.com,True,26175.00,15.88
ieyu.com,True,72887.00,15.88
xebu.com,True,14500.00,15.88
vewu.com,True,49999.00,15.88
xedu.com,True,73335.00,15.88
veyu.com,True,28000.00,15.88
iezu.com,True,15799.00,15.88
mefu.com,True,100000.00,15.88
xeeu.com,True,14999.00,15.88
fetu.com,True,25000.00,15.88
penu.com,True,2000000.00,15.88
seuu.com,True,8995.00,15.88
feuu.com,True,5600.00,15.88
benu.com,True,250000.00,15.88
xegu.com,True,30000.00,15.88
meiu.com,True,18050.00,15.88
peou.com,True,19999.00,15.88
fevu.com,True,16550.00,15.88
beou.com,True,19999.00,15.88
xehu.com,True,19999.00,15.88
meju.com,True,300000.00,15.88
jedu.com,True,53480.00,15.88
bepu.com,True,39499.00,15.88
xeiu.com,True,19999.00,15.88
meku.com,True,63911.00,15.88
feyu.com,True,19000.00,15.88
xeju.com,True,19225.00,15.88
jegu.com,True,15000.00,15.88
gebu.com,True,74991.00,15.88
tehu.com,True,27000.00,15.88
hehu.com,True,82622.00,15.88
nevu.com,True,58888.00,15.88
ueiu.com,True,9499.00,15.88
newu.com,True,190000.00,15.88
ueju.com,True,6000.00,15.88
ueku.com,True,17000.00,15.88
reeu.com,True,2032.00,15.88
cewu.com,True,19000.00,15.88
eeeu.com,True,19999.00,15.88
oexu.com,True,4988.00,15.88
ceyu.com,True,19999.00,15.88
uemu.com,True,4750.00,15.88
eefu.com,True,9000.00,15.88
oeau.com,True,3990.00,15.88
ueou.com,True,1995.00,15.88
kevu.com,True,39999.00,15.88
reiu.com,True,9999.00,15.88
heou.com,True,43888.00,15.88
uepu.com,True,598.00,15.88
yevu.com,True,24500.00,15.88
kewu.com,True,121479.00,15.88
aeau.com,True,19999.00,15.88
oedu.com,True,6500.00,15.88
oeeu.com,True,19888.00,15.88
ueru.com,True,9750.00,15.88
eeku.com,True,19999.00,15.88
relu.com,True,138888.00,15.88
aedu.com,True,35000.00,15.88
aeeu.com,True,19999.00,15.88
oegu.com,True,7950.00,15.88
uetu.com,True,9500.00,15.88
eemu.com,True,19999.00,15.88
aefu.com,True,19999.00,15.88
oehu.com,True,19999.00,15.88
aegu.com,True,6788.00,15.88
repu.com,True,1200000.00,15.88
seny.com,True,125000.00,15.88
begy.com,True,19000.00,15.88
feny.com,True,15000.00,15.88
xecy.com,True,89000.00,15.88
peiy.com,True,12500.00,15.88
feoy.com,True,9888.00,15.88
sepy.com,True,21000.00,15.88
pejy.com,True,25000.00,15.88
xeay.com,True,3435.00,15.88
bejy.com,True,24999.00,15.88
xeby.com,True,19999.00,15.88
feqy.com,True,2888.00,15.88
mefy.com,True,15000.00,15.88
veyy.com,True,25000.00,15.88
beky.com,True,6597.00,15.88
sesy.com,True,28000.00,15.88
pemy.com,True,19999.00,15.88
fesy.com,True,18899.00,15.88
jecy.com,True,6000.00,15.88
jeay.com,True,19999.00,15.88
wecy.com,True,16995.00,15.88
feuy.com,True,7950.00,15.88
xehy.com,True,2999.00,15.88
beoy.com,True,7950.00,15.88
fevy.com,True,19999.00,15.88
xeiy.com,True,12500.00,15.88
seyy.com,True,36000.00,15.88
beqy.com,True,50000.00,15.88
xejy.com,True,2495.00,15.88
weey.com,True,3399.00,15.88
sezy.com,True,9000.00,15.88
xeky.com,True,100000.00,15.88
wefy.com,True,28000.00,15.88
pety.com,True,300000.00,15.88
besy.com,True,43911.00,15.88
jeiy.com,True,5000.00,15.88
wejy.com,True,9999.00,15.88
geey.com,True,19999.00,15.88
ceuy.com,True,9000.00,15.88
neyy.com,True,7500.00,15.88
keqy.com,True,20997.00,15.88
cevy.com,True,19999.00,15.88
hejy.com,True,8099.00,15.88
reey.com,True,12645.00,15.88
ueky.com,True,4030.00,15.88
uely.com,True,1633.00,15.88
kety.com,True,11312.00,15.88
ueny.com,True,18888.00,15.88
eegy.com,True,25000.00,15.88
reiy.com,True,19999.00,15.88
yeuy.com,True,400.00,15.88
ueoy.com,True,2500.00,15.88
eehy.com,True,7499.00,15.88
heoy.com,True,5000.00,15.88
yevy.com,True,7950.00,15.88
uepy.com,True,1499.00,15.88
reky.com,True,11000.00,15.88
uery.com,True,29999.00,15.88
oegy.com,True,8000.00,15.88
uesy.com,True,50000.00,15.88
zexy.com,True,50000.00,15.88
eemy.com,True,4500.00,15.88
aefy.com,True,7950.00,15.88
heuy.com,True,5700.00,15.88
repy.com,True,29000.00,15.88
ledy.com,True,34800.00,15.88
hezy.com,True,10999.00,15.88
iiua.com,True,20099.00,15.88
piha.com,True,180000.00,15.88
sioa.com,True,13911.00,15.88
xica.com,True,9500.00,15.88
fioa.com,True,23888.00,15.88
iiwa.com,True,19999.00,15.88
pija.com,True,14345.00,15.88
pima.com,True,175000.00,15.88
fita.com,True,500000.00,15.88
jiaa.com,True,30000.00,15.88
jiea.com,True,19999.00,15.88
wiea.com,True,19999.00,15.88
siza.com,True,79000.00,15.88
xila.com,True,47000.00,15.88
gixa.com,True,59395.00,15.88
wiga.com,True,28000.00,15.88
uiha.com,True,19999.00,15.88
hiha.com,True,106960.00,15.88
kipa.com,True,3000000.00,15.88
eiaa.com,True,7888.00,15.88
yiqa.com,True,9000.00,15.88
uika.com,True,19999.00,15.88
ciwa.com,True,56191.00,15.88
riea.com,True,19999.00,15.88
eida.com,True,175000.00,15.88
eiea.com,True,33000.00,15.88
kiua.com,True,19999.00,15.88
uina.com,True,6788.00,15.88
yiua.com,True,19999.00,15.88
uioa.com,True,19999.00,15.88
hioa.com,True,12999.00,15.88
oida.com,True,49857.00,15.88
eiia.com,True,19999.00,15.88
uiqa.com,True,9000.00,15.88
eija.com,True,14999.00,15.88
uira.com,True,19999.00,15.88
yiza.com,True,70423.00,15.88
uisa.com,True,150000.00,15.88
oiha.com,True,6788.00,15.88
zida.com,True,190000.00,15.88
iiue.com,True,1995.00,15.88
pihe.com,True,28000.00,15.88
sioe.com,True,8911.00,15.88
viue.com,True,3900.00,15.88
biie.com,True,19999.00,15.88
sipe.com,True,34888.00,15.88
bije.com,True,17000.00,15.88
fiqe.com,True,10799.00,15.88
viwe.com,True,39000.00,15.88
siqe.com,True,4500.00,15.88
bime.com,True,88800.00,15.88
xife.com,True,22095.00,15.88
xige.com,True,35500.00,15.88
wice.com,True,100000.00,15.88
xihe.com,True,141725.00,15.88
sive.com,True,34999.00,15.88
wiae.com,True,19999.00,15.88
biqe.com,True,99888.00,15.88
bise.com,True,79000.00,15.88
gixe.com,True,49999.00,15.88
pite.com,True,267000.00,15.88
tixe.com,True,500000.00,15.88
mioe.com,True,19999.00,15.88
riae.com,True,11000.00,15.88
uiie.com,True,1995.00,15.88
yioe.com,True,5000.00,15.88
eibe.com,True,22000.00,15.88
kiqe.com,True,9000.00,15.88
uije.com,True,7199.00,15.88
riee.com,True,5282.00,15.88
yiqe.com,True,14860.00,15.88
eiee.com,True,19999.00,15.88
oixe.com,True,9000.00,15.88
uile.com,True,19999.00,15.88
eife.com,True,19999.00,15.88
uime.com,True,29888.00,15.88
oiae.com,True,4888.00,15.88
aixe.com,True,19000.00,15.88
rihe.com,True,17148.00,15.88
yiue.com,True,8000.00,15.88
uioe.com,True,19999.00,15.88
hiqe.com,True,680000.00,15.88
oife.com,True,24999.00,15.88
aide.com,True,1500000.00,15.88
oige.com,True,19999.00,15.88
lixe.com,True,20000.00,15.88
uise.com,True,50000.00,15.88
oihe.com,True,19999.00,15.88
aife.com,True,9000.00,15.88
zixe.com,True,19000.00,15.88
oiie.com,True,19999.00,15.88
eioe.com,True,3000.00,15.88
uive.com,True,6000.00,15.88
eiqe.com,True,9000.00,15.88
oipe.com,True,9000.00,15.88
sioi.com,True,125000.00,15.88
bihi.com,True,29000.00,15.88
biii.com,True,45000.00,15.88
fiqi.com,True,38888.00,15.88
mifi.com,True,499000.00,15.88
iizi.com,True,18337.00,15.88
fisi.com,True,1000000.00,15.88
xiei.com,True,11195.00,15.88
pini.com,True,275000.00,15.88
wixi.com,True,195000.00,15.88
fivi.com,True,85000.00,15.88
fiwi.com,True,65750.00,15.88
widi.com,True,28000.00,15.88
fizi.com,True,321550.00,15.88
jifi.com,True,27000.00,15.88
wiei.com,True,999990.00,15.88
gixi.com,True,75000.00,15.88
pizi.com,True,43000.00,15.88
tihi.com,True,25290.00,15.88
eici.com,True,14999.00,15.88
hiii.com,True,35000.00,15.88
yioi.com,True,7289.00,15.88
uimi.com,True,105099.00,15.88
cizi.com,True,25000.00,15.88
eifi.com,True,23911.00,15.88
hini.com,True,85000.00,15.88
eigi.com,True,6499.00,15.88
oibi.com,True,9995.00,15.88
eihi.com,True,708482.00,15.88
oidi.com,True,75000.00,15.88
aiai.com,True,1000000.00,15.88
eiii.com,True,21499.00,15.88
riki.com,True,163550.00,15.88
oiei.com,True,15625.00,15.88
kiyi.com,True,50000.00,15.88
yiwi.com,True,19099.00,15.88
eili.com,True,53480.00,15.88
liti.com,True,500000.00,15.88
iiuo.com,True,1995.00,15.88
piio.com,True,58888.00,15.88
fioo.com,True,11935.00,15.88
biio.com,True,79000.00,15.88
siqo.com,True,13530.00,15.88
piko.com,True,100000.00,15.88
fiqo.com,True,8880.00,15.88
xieo.com,True,2970.00,15.88
jico.com,True,88000.00,15.88
siuo.com,True,19999.00,15.88
pioo.com,True,32000.00,15.88
fiuo.com,True,19999.00,15.88
bino.com,True,327161.00,15.88
wiao.com,True,6839.00,15.88
fivo.com,True,119400.00,15.88
xijo.com,True,11935.00,15.88
siyo.com,True,20000.00,15.88
jieo.com,True,19999.00,15.88
wieo.com,True,9600.00,15.88
fizo.com,True,99222.00,15.88
pito.com,True,100000.00,15.88
qizo.com,True,9000.00,15.88
yino.com,True,25641.00,15.88
riao.com,True,148888.00,15.88
yioo.com,True,10899.00,15.88
uiio.com,True,49888.00,15.88
eiao.com,True,73000.00,15.88
hijo.com,True,250000.00,15.88
eibo.com,True,19999.00,15.88
rieo.com,True,15000.00,15.88
oixo.com,True,6000.00,15.88
cizo.com,True,22400.00,15.88
uimo.com,True,8250.00,15.88
eifo.com,True,135000.00,15.88
oiao.com,True,19995.00,15.88
oibo.com,True,19999.00,15.88
aico.com,True,500000.00,15.88
eiho.com,True,19999.00,15.88
yivo.com,True,25000.00,15.88
hiqo.com,True,11065.00,15.88
kizo.com,True,176670.00,15.88
uiso.com,True,6000.00,15.88
aieo.com,True,50150.00,15.88
eilo.com,True,19888.00,15.88
oiho.com,True,19999.00,15.88
eimo.com,True,37000.00,15.88
eino.com,True,19999.00,15.88
eioo.com,True,3900.00,15.88
lieo.com,True,19999.00,15.88
pihu.com,True,30000.00,15.88
xixu.com,True,49999.00,15.88
finu.com,True,500000.00,15.88
fipu.com,True,12500.00,15.88
mieu.com,True,32000.00,15.88
iiyu.com,True,10454.00,15.88
siqu.com,True,25000.00,15.88
biku.com,True,45997.00,15.88
firu.com,True,129999.00,15.88
xieu.com,True,32394.00,15.88
mihu.com,True,150000.00,15.88
xifu.com,True,600000.00,15.88
wicu.com,True,49500.00,15.88
siuu.com,True,19999.00,15.88
xiiu.com,True,19999.00,15.88
widu.com,True,103000.00,15.88
fiyu.com,True,15599.00,15.88
gixu.com,True,24999.00,15.88
giau.com,True,19999.00,15.88
eicu.com,True,24999.00,15.88
kiou.com,True,25000.00,15.88
ribu.com,True,55399.00,15.88
hiiu.com,True,2999.00,15.88
ridu.com,True,24100.00,15.88
eibu.com,True,5999.00,15.88
uiju.com,True,19999.00,15.88
civu.com,True,29500.00,15.88
hiju.com,True,68388.00,15.88
oixu.com,True,3095.00,15.88
eieu.com,True,19999.00,15.88
uimu.com,True,15166.00,15.88
rihu.com,True,138888.00,15.88
uinu.com,True,4500.00,15.88
kiuu.com,True,25888.00,15.88
oibu.com,True,9995.00,15.88
eihu.com,True,19999.00,15.88
hiou.com,True,19999.00,15.88
riju.com,True,116980.00,15.88
aiau.com,True,19999.00,15.88
oieu.com,True,4899.00,15.88
uiqu.com,True,398.00,15.88
oihu.com,True,88888.00,15.88
uitu.com,True,10563.00,15.88
aifu.com,True,79999.00,15.88
xixy.com,True,19299.00,15.88
vity.com,True,364045.00,15.88
siny.com,True,60000.00,15.88
miay.com,True,19999.00,15.88
bihy.com,True,10000.00,15.88
iivy.com,True,14888.00,15.88
piiy.com,True,13800.00,15.88
viuy.com,True,7950.00,15.88
sioy.com,True,11766.00,15.88
iiwy.com,True,4426.00,15.88
xiay.com,True,19999.00,15.88
fipy.com,True,39999.00,15.88
bijy.com,True,15629.00,15.88
xiby.com,True,10000.00,15.88
viyy.com,True,20899.00,15.88
siry.com,True,62037.00,15.88
jixy.com,True,49999.00,15.88
fisy.com,True,50000.00,15.88
mihy.com,True,50000.00,15.88
pioy.com,True,19999.00,15.88
wicy.com,True,39999.00,15.88
xigy.com,True,3888.00,15.88
miiy.com,True,150000.00,15.88
siuy.com,True,5245.00,15.88
bioy.com,True,12500.00,15.88
mijy.com,True,4687.00,15.88
sivy.com,True,19999.00,15.88
fivy.com,True,199999.00,15.88
wiby.com,True,18000.00,15.88
bipy.com,True,19999.00,15.88
jidy.com,True,9999.00,15.88
xiiy.com,True,1480.00,15.88
fiwy.com,True,7950.00,15.88
piry.com,True,28000.00,15.88
jiey.com,True,2385.00,15.88
biqy.com,True,5245.00,15.88
mily.com,True,35000.00,15.88
pisy.com,True,34888.00,15.88
wiey.com,True,19999.00,15.88
jify.com,True,77400.00,15.88
sizy.com,True,20000.00,15.88
pity.com,True,225000.00,15.88
jigy.com,True,38500.00,15.88
xily.com,True,100000.00,15.88
wihy.com,True,11899.00,15.88
qidy.com,True,9730.00,15.88
riay.com,True,19999.00,15.88
yiny.com,True,19999.00,15.88
kioy.com,True,6365.00,15.88
nivy.com,True,29995.00,15.88
kipy.com,True,19000.00,15.88
hijy.com,True,8295.00,15.88
eidy.com,True,19999.00,15.88
yiqy.com,True,2500.00,15.88
uiky.com,True,10599.00,15.88
ciwy.com,True,250000.00,15.88
yiry.com,True,7950.00,15.88
oixy.com,True,19999.00,15.88
rigy.com,True,19000.00,15.88
cizy.com,True,19999.00,15.88
kity.com,True,50000.00,15.88
oicy.com,True,19999.00,15.88
eigy.com,True,6888.00,15.88
yity.com,True,28945.00,15.88
kiuy.com,True,19999.00,15.88
oiay.com,True,19999.00,15.88
yiuy.com,True,3199.00,15.88
hioy.com,True,3288.00,15.88
oiby.com,True,19999.00,15.88
rijy.com,True,7950.00,15.88
uipy.com,True,8800.00,15.88
aiay.com,True,5999.00,15.88
kiwy.com,True,15000.00,15.88
hipy.com,True,19999.00,15.88
yiwy.com,True,7950.00,15.88
kiyy.com,True,20899.00,15.88
hiqy.com,True,10450.00,15.88
oiey.com,True,6445.00,15.88
yiyy.com,True,141725.00,15.88
kizy.com,True,93888.00,15.88
rimy.com,True,25000.00,15.88
uisy.com,True,9899.00,15.88
lixy.com,True,39000.00,15.88
hisy.com,True,19999.00,15.88
oigy.com,True,13495.00,15.88
riny.com,True,29000.00,15.88
aify.com,True,229000.00,15.88
eipy.com,True,5099.00,15.88
zisy.com,True,10000.00,15.88
vota.com,True,375170.00,15.88
xoxa.com,True,19000.00,15.88
boga.com,True,120060.00,15.88
xoca.com,True,19000.00,15.88
voua.com,True,225000.00,15.88
poia.com,True,105000.00,15.88
fopa.com,True,55000.00,15.88
sopa.com,True,149000.00,15.88
joxa.com,True,19999.00,15.88
xoea.com,True,48888.00,15.88
fota.com,True,350000.00,15.88
xoha.com,True,17995.00,15.88
xoia.com,True,26000.00,15.88
boqa.com,True,10750.00,15.88
jofa.com,True,130000.00,15.88
goxa.com,True,39999.00,15.88
moqa.com,True,124995.00,15.88
moya.com,True,100000.00,15.88
nota.com,True,1500000.00,15.88
yona.com,True,500000.00,15.88
uoha.com,True,53000.00,15.88
eoaa.com,True,3999.00,15.88
coua.com,True,7650.00,15.88
koqa.com,True,20000.00,15.88
uoja.com,True,19999.00,15.88
yoqa.com,True,5975.00,15.88
noza.com,True,75000.00,15.88
uoka.com,True,3500.00,15.88
eoea.com,True,2499.00,15.88
ooxa.com,True,12888.00,15.88
uola.com,True,19999.00,15.88
homa.com,True,200000.00,15.88
aoxa.com,True,20295.00,15.88
uona.com,True,19999.00,15.88
eoja.com,True,3500.00,15.88
hoqa.com,True,16499.00,15.88
ooea.com,True,19999.00,15.88
uoqa.com,True,24990.00,15.88
eoka.com,True,19999.00,15.88
uora.com,True,19999.00,15.88
aoea.com,True,27950.00,15.88
eoma.com,True,12500.00,15.88
aofa.com,True,12000.00,15.88
zoca.com,True,75000.00,15.88
houa.com,True,3000.00,15.88
eooa.com,True,8000.00,15.88
zofa.com,True,79000.00,15.88
ioue.com,True,19999.00,15.88
moae.com,True,18888.00,15.88
poie.com,True,19999.00,15.88
voue.com,True,25000.00,15.88
xoae.com,True,7950.00,15.88
vove.com,True,79000.00,15.88
xobe.com,True,23095.00,15.88
ioye.com,True,10000.00,15.88
sose.com,True,35000.00,15.88
joxe.com,True,19999.00,15.88
xofe.com,True,15000.00,15.88
pooe.com,True,4980.00,15.88
foue.com,True,1604.00,15.88
xoge.com,True,10000.00,15.88
woae.com,True,43065.00,15.88
xoie.com,True,19999.00,15.88
pore.com,True,425000.00,15.88
joee.com,True,20090.00,15.88
xoje.com,True,9000.00,15.88
woee.com,True,73944.00,15.88
xoke.com,True,19999.00,15.88
toae.com,True,8199.00,15.88
gofe.com,True,19888.00,15.88
jote.com,True,42000.00,15.88
eoae.com,True,31065.00,15.88
robe.com,True,725000.00,15.88
eobe.com,True,19999.00,15.88
uoke.com,True,63106.00,15.88
yoqe.com,True,9000.00,15.88
uole.com,True,4890.00,15.88
ooce.com,True,29995.00,15.88
uome.com,True,38150.00,15.88
coze.com,True,30000.00,15.88
ooae.com,True,28888.00,15.88
eoge.com,True,19999.00,15.88
rohe.com,True,199999.00,15.88
uope.com,True,19999.00,15.88
kowe.com,True,165000.00,15.88
ooee.com,True,10000.00,15.88
uoqe.com,True,10399.00,15.88
koye.com,True,47000.00,15.88
yowe.com,True,25000.00,15.88
uore.com,True,145000.00,15.88
yoye.com,True,73472.00,15.88
yoze.com,True,24000.00,15.88
oohe.com,True,9995.00,15.88
uote.com,True,19999.00,15.88
zoxe.com,True,7950.00,15.88
rore.com,True,156550.00,15.88
ooqe.com,True,39995.00,15.88
aose.com,True,28350.00,15.88
soni.com,True,32087.00,15.88
ioui.com,True,19999.00,15.88
xoci.com,True,12000.00,15.88
poii.com,True,19999.00,15.88
vovi.com,True,50000.00,15.88
soqi.com,True,21500.00,15.88
vowi.com,True,24999.00,15.88
boki.com,True,89999.00,15.88
xodi.com,True,37510.00,15.88
xoei.com,True,19999.00,15.88
joci.com,True,40000.00,15.88
woxi.com,True,151245.00,15.88
joai.com,True,29888.00,15.88
sovi.com,True,100000.00,15.88
xohi.com,True,19999.00,15.88
jobi.com,True,246350.00,15.88
poqi.com,True,67499.00,15.88
wodi.com,True,95000.00,15.88
moni.com,True,1850000.00,15.88
goxi.com,True,41725.00,15.88
boui.com,True,29999.00,15.88
coti.com,True,1000000.00,15.88
eoai.com,True,28500.00,15.88
hoii.com,True,161972.00,15.88
nowi.com,True,295000.00,15.88
robi.com,True,275000.00,15.88
yopi.com,True,125000.00,15.88
eoei.com,True,12500.00,15.88
holi.com,True,950000.00,15.88
yori.com,True,120000.00,15.88
ooci.com,True,9949.00,15.88
ooai.com,True,7850.00,15.88
koui.com,True,25000.00,15.88
oobi.com,True,28000.00,15.88
uopi.com,True,4750.00,15.88
uoqi.com,True,5288.00,15.88
yowi.com,True,250000.00,15.88
eoki.com,True,19999.00,15.88
hori.com,True,500000.00,15.88
aodi.com,True,215997.00,15.88
hosi.com,True,1112000.00,15.88
hoti.com,True,60000.00,15.88
zoxi.com,True,9950.00,15.88
zoci.com,True,12000.00,15.88
eooi.com,True,5841.00,15.88
eovi.com,True,15888.00,15.88
aosi.com,True,40000.00,15.88
poho.com,True,375000.00,15.88
sooo.com,True,101232.00,15.88
xoco.com,True,25000.00,15.88
boio.com,True,19999.00,15.88
ioyo.com,True,19999.00,15.88
vowo.com,True,500000.00,15.88
foqo.com,True,49888.00,15.88
joxo.com,True,48000.00,15.88
xofo.com,True,97545.00,15.88
fouo.com,True,19999.00,15.88
pooo.com,True,27249.00,15.88
souo.com,True,19999.00,15.88
fovo.com,True,135065.00,15.88
xoho.com,True,325000.00,15.88
sovo.com,True,99888.00,15.88
bopo.com,True,69699.00,15.88
poqo.com,True,19000.00,15.88
toxo.com,True,1000000.00,15.88
mouo.com,True,19999.00,15.88
qoho.com,True,12995.00,15.88
coto.com,True,350000.00,15.88
uoho.com,True,120000.00,15.88
roao.com,True,19999.00,15.88
eoao.com,True,19999.00,15.88
hoio.com,True,11500.00,15.88
couo.com,True,4899.00,15.88
uoio.com,True,19999.00,15.88
yopo.com,True,34999.00,15.88
koqo.com,True,65000.00,15.88
roeo.com,True,19999.00,15.88
eofo.com,True,3500.00,15.88
uomo.com,True,400000.00,15.88
eogo.com,True,19999.00,15.88
youo.com,True,23861.00,15.88
hooo.com,True,39000.00,15.88
eoio.com,True,7679.00,15.88
kowo.com,True,67799.00,15.88
uoqo.com,True,2363.00,15.88
oofo.com,True,29999.00,15.88
ooho.com,True,4999.00,15.88
rono.com,True,69996.00,15.88
houo.com,True,19999.00,15.88
zoio.com,True,12500.00,15.88
boxo.com,True,780000.00,15.88
iouu.com,True,16350.00,15.88
xoxu.com,True,63911.00,15.88
vouu.com,True,3888.00,15.88
soou.com,True,19999.00,15.88
xoau.com,True,4285.00,15.88
xobu.com,True,19999.00,15.88
polu.com,True,39000.00,15.88
voyu.com,True,175000.00,15.88
soru.com,True,250000.00,15.88
pomu.com,True,1500000.00,15.88
ponu.com,True,50250.00,15.88
xofu.com,True,4950.00,15.88
fouu.com,True,5999.00,15.88
moiu.com,True,19999.00,15.88
souu.com,True,19999.00,15.88
xogu.com,True,30000.00,15.88
moju.com,True,544483.00,15.88
fovu.com,True,9500.00,15.88
wobu.com,True,68888.00,15.88
boqu.com,True,29250.00,15.88
toxu.com,True,60000.00,15.88
botu.com,True,176056.00,15.88
moqu.com,True,215600.00,15.88
mouu.com,True,9988.00,15.88
coxu.com,True,49999.00,15.88
eocu.com,True,19999.00,15.88
yonu.com,True,29000.00,15.88
hoiu.com,True,19999.00,15.88
couu.com,True,7950.00,15.88
koqu.com,True,25000.00,15.88
eobu.com,True,50000.00,15.88
yoqu.com,True,19999.00,15.88
cowu.com,True,19000.00,15.88
kosu.com,True,139999.00,15.88
yoru.com,True,250000.00,15.88
coyu.com,True,19000.00,15.88
oocu.com,True,24995.00,15.88
eofu.com,True,24999.00,15.88
homu.com,True,69000.00,15.88
cozu.com,True,29000.00,15.88
roiu.com,True,64999.00,15.88
uoou.com,True,10000.00,15.88
kowu.com,True,60000.00,15.88
oodu.com,True,12995.00,15.88
eoiu.com,True,19999.00,15.88
uopu.com,True,5000.00,15.88
ooeu.com,True,9000.00,15.88
horu.com,True,29000.00,15.88
loxu.com,True,14995.00,15.88
eolu.com,True,19999.00,15.88
oohu.com,True,9995.00,15.88
ronu.com,True,62500.00,15.88
eomu.com,True,4995.00,15.88
zoxu.com,True,16350.00,15.88
uouu.com,True,6029.00,15.88
lodu.com,True,36750.00,15.88
loeu.com,True,5899.00,15.88
iouy.com,True,19999.00,15.88
voty.com,True,15000.00,15.88
bogy.com,True,200000.00,15.88
iovy.com,True,8256.00,15.88
vouy.com,True,7950.00,15.88
poiy.com,True,4500.00,15.88
fopy.com,True,9999.00,15.88
sopy.com,True,39000.00,15.88
iowy.com,True,5479.00,15.88
vovy.com,True,500000.00,15.88
boiy.com,True,14299.00,15.88
pojy.com,True,7499.00,15.88
foqy.com,True,9995.00,15.88
soqy.com,True,11299.00,15.88
vowy.com,True,9995.00,15.88
poky.com,True,245000.00,15.88
xody.com,True,7588.00,15.88
sory.com,True,9900.00,15.88
boky.com,True,180000.00,15.88
sosy.com,True,116000.00,15.88
mohy.com,True,7700.00,15.88
jocy.com,True,27995.00,15.88
fouy.com,True,7950.00,15.88
souy.com,True,19999.00,15.88
xohy.com,True,17500.00,15.88
xoiy.com,True,3995.00,15.88
woby.com,True,12000.00,15.88
poqy.com,True,5995.00,15.88
foyy.com,True,9920.00,15.88
wody.com,True,29000.00,15.88
boqy.com,True,4800.00,15.88
pory.com,True,39000.00,15.88
xoky.com,True,15000.00,15.88
fozy.com,True,10000.00,15.88
xoly.com,True,19880.00,15.88
goxy.com,True,55555.00,15.88
wofy.com,True,9999.00,15.88
xopy.com,True,18599.00,15.88
uoey.com,True,5000.00,15.88
hoiy.com,True,19999.00,15.88
uoiy.com,True,25000.00,15.88
noyy.com,True,9500.00,15.88
covy.com,True,21499.00,15.88
hojy.com,True,6000.00,15.88
yopy.com,True,19500.00,15.88
kory.com,True,9777.00,15.88
cowy.com,True,22000.00,15.88
eody.com,True,8488.00,15.88
uoky.com,True,3888.00,15.88
eoey.com,True,19999.00,15.88
uoly.com,True,14999.00,15.88
rogy.com,True,32000.00,15.88
uomy.com,True,19999.00,15.88
ooay.com,True,9545.00,15.88
eogy.com,True,4428.00,15.88
uony.com,True,4950.00,15.88
aocy.com,True,5999.00,15.88
eohy.com,True,19999.00,15.88
roiy.com,True,19999.00,15.88
youy.com,True,19999.00,15.88
kowy.com,True,9999.00,15.88
aoay.com,True,19999.00,15.88
eoiy.com,True,9000.00,15.88
rojy.com,True,19000.00,15.88
uopy.com,True,5250.00,15.88
ooey.com,True,39999.00,15.88
hoqy.com,True,7995.00,15.88
eojy.com,True,19999.00,15.88
roky.com,True,500000.00,15.88
oogy.com,True,35000.00,15.88
uosy.com,True,6000.00,15.88
locy.com,True,25000.00,15.88
uoty.com,True,6999.00,15.88
ooiy.com,True,52999.00,15.88
houy.com,True,19999.00,15.88
loby.com,True,32000.00,15.88
uovy.com,True,9999.00,15.88
eory.com,True,8995.00,15.88
iuua.com,True,19999.00,15.88
buga.com,True,150000.00,15.88
fuoa.com,True,3499.00,15.88
xuaa.com,True,8999.00,15.88
buia.com,True,19999.00,15.88
vuwa.com,True,39999.00,15.88
suqa.com,True,9500.00,15.88
iuza.com,True,19999.00,15.88
vuya.com,True,55375.00,15.88
mufa.com,True,69000.00,15.88
puna.com,True,225000.00,15.88
futa.com,True,1388888.00,15.88
muia.com,True,19999.00,15.88
wuca.com,True,18000.00,15.88
suua.com,True,4999.00,15.88
juba.com,True,39144.00,15.88
muja.com,True,26000.00,15.88
puqa.com,True,8495.00,15.88
juda.com,True,1215279.00,15.88
wuda.com,True,100868.00,15.88
fuza.com,True,39000.00,15.88
nuva.com,True,257500.00,15.88
yuna.com,True,160333.00,15.88
cuua.com,True,29995.00,15.88
euaa.com,True,19999.00,15.88
uuia.com,True,1995.00,15.88
kuqa.com,True,35211.00,15.88
huja.com,True,44444.00,15.88
uuja.com,True,205356.00,15.88
yura.com,True,300000.00,15.88
ouxa.com,True,4888.00,15.88
cuza.com,True,15000.00,15.88
eufa.com,True,30000.00,15.88
ouaa.com,True,5099.00,15.88
yuua.com,True,4000.00,15.88
euia.com,True,19999.00,15.88
euja.com,True,7950.00,15.88
huqa.com,True,24988.00,15.88
kuza.com,True,25000.00,15.88
ouha.com,True,19999.00,15.88
zuxa.com,True,8888.00,15.88
auha.com,True,13650.00,15.88
iuaa.com,True,40000.00,15.88
iuue.com,True,4444.00,15.88
fuoe.com,True,19999.00,15.88
suoe.com,True,4299.00,15.88
iuve.com,True,16000.00,15.88
xuae.com,True,8000.00,15.88
mude.com,True,50000.00,15.88
vuve.com,True,19000.00,15.88
puje.com,True,13900.00,15.88
iuwe.com,True,2527.00,15.88
fuqe.com,True,22000.00,15.88
buje.com,True,65000.00,15.88
suqe.com,True,24999.00,15.88
vuwe.com,True,39999.00,15.88
fure.com,True,79000.00,15.88
juxe.com,True,19000.00,15.88
sute.com,True,59000.00,15.88
muie.com,True,52495.00,15.88
bune.com,True,56000.00,15.88
fuue.com,True,10499.00,15.88
wuce.com,True,46550.00,15.88
juae.com,True,5288.00,15.88
buoe.com,True,4000.00,15.88
pupe.com,True,35000.00,15.88
bupe.com,True,22499.00,15.88
xuje.com,True,10799.00,15.88
buqe.com,True,16044.00,15.88
mume.com,True,95000.00,15.88
xuke.com,True,24844.00,15.88
puse.com,True,24999.00,15.88
jufe.com,True,28000.00,15.88
xuoe.com,True,2490.00,15.88
juue.com,True,9999.00,15.88
kuoe.com,True,19999.00,15.88
huie.com,True,19999.00,15.88
rube.com,True,150000.00,15.88
uuie.com,True,10499.00,15.88
yuoe.com,True,4285.00,15.88
ruee.com,True,6000.00,15.88
ouxe.com,True,4950.00,15.88
hule.com,True,200000.00,15.88
kuse.com,True,288888.00,15.88
yure.com,True,125000.00,15.88
oube.com,True,19999.00,15.88
euhe.com,True,9750.00,15.88
ruie.com,True,12950.00,15.88
uuoe.com,True,89085.00,15.88
yuue.com,True,4500.00,15.88
auae.com,True,34123.00,15.88
euie.com,True,19999.00,15.88
ruje.com,True,39999.00,15.88
kuwe.com,True,29000.00,15.88
huqe.com,True,21699.00,15.88
euje.com,True,19999.00,15.88
uuqe.com,True,5348.00,15.88
aude.com,True,115000.00,15.88
hure.com,True,75000.00,15.88
auee.com,True,10000.00,15.88
ouge.com,True,19999.00,15.88
eule.com,True,88000.00,15.88
yuze.com,True,298888.00,15.88
eume.com,True,7000.00,15.88
luce.com,True,250000.00,15.88
iuoe.com,True,28000.00,15.88
iuui.com,True,45000.00,15.88
iuvi.com,True,19999.00,15.88
vuvi.com,True,59995.00,15.88
xuai.com,True,19999.00,15.88
vuwi.com,True,39999.00,15.88
suqi.com,True,36000.00,15.88
puki.com,True,74995.00,15.88
iuyi.com,True,19999.00,15.88
vuzi.com,True,50000.00,15.88
xugi.com,True,30000.00,15.88
fuwi.com,True,24899.00,15.88
xuii.com,True,19999.00,15.88
juei.com,True,19999.00,15.88
jufi.com,True,22000.00,15.88
busi.com,True,80000.00,15.88
yuoi.com,True,19999.00,15.88
uuii.com,True,19999.00,15.88
cuui.com,True,7650.00,15.88
eubi.com,True,149888.00,15.88
cuvi.com,True,33000.00,15.88
nuzi.com,True,27000.00,15.88
cuwi.com,True,105950.00,15.88
uuli.com,True,12995.00,15.88
euei.com,True,12500.00,15.88
rugi.com,True,30000.00,15.88
cuzi.com,True,19000.00,15.88
ruhi.com,True,75000.00,15.88
ouai.com,True,104930.00,15.88
yuui.com,True,28399.00,15.88
oudi.com,True,27500.00,15.88
aubi.com,True,108999.00,15.88
kuzi.com,True,1215279.00,15.88
euli.com,True,19999.00,15.88
zuxi.com,True,13000.00,15.88
uuti.com,True,4800.00,15.88
runi.com,True,79000.00,15.88
iubi.com,True,65399.00,15.88
ausi.com,True,900000.00,15.88
iuuo.com,True,3788.00,15.88
buio.com,True,24999.00,15.88
mufo.com,True,29000.00,15.88
xueo.com,True,7000.00,15.88
pumo.com,True,330000.00,15.88
wuxo.com,True,59888.00,15.88
xufo.com,True,16650.00,15.88
buno.com,True,95000.00,15.88
wuco.com,True,350000.00,15.88
xuho.com,True,19999.00,15.88
xuio.com,True,19999.00,15.88
jueo.com,True,19999.00,15.88
buqo.com,True,9900.00,15.88
xujo.com,True,5000.00,15.88
jufo.com,True,87888.00,15.88
wufo.com,True,25000.00,15.88
tubo.com,True,225000.00,15.88
gueo.com,True,19999.00,15.88
gugo.com,True,500000.00,15.88
cuxo.com,True,17699.00,15.88
huho.com,True,39000.00,15.88
cuto.com,True,72500.00,15.88
uuio.com,True,19999.00,15.88
huio.com,True,19999.00,15.88
rubo.com,True,98000.00,15.88
cuuo.com,True,9575.00,15.88
kuqo.com,True,11935.00,15.88
huko.com,True,100000.00,15.88
cuwo.com,True,8000.00,15.88
yuro.com,True,199999.00,15.88
kuto.com,True,100000.00,15.88
uumo.com,True,2125.00,15.88
eufo.com,True,63223.00,15.88
rugo.com,True,47999.00,15.88
uuno.com,True,29999.00,15.88
ouao.com,True,100000.00,15.88
auxo.com,True,500000.00,15.88
euho.com,True,19999.00,15.88
auco.com,True,56000.00,15.88
euio.com,True,19999.00,15.88
auao.com,True,19999.00,15.88
uuqo.com,True,944.00,15.88
eujo.com,True,8256.00,15.88
kuzo.com,True,42000.00,15.88
uuro.com,True,19999.00,15.88
rumo.com,True,48000.00,15.88
aueo.com,True,2550.00,15.88
luto.com,True,35000.00,15.88
funu.com,True,27000.00,15.88
iuuu.com,True,52817.00,15.88
buhu.com,True,50000.00,15.88
puiu.com,True,38888.00,15.88
xuau.com,True,19999.00,15.88
iuwu.com,True,3788.00,15.88
mueu.com,True,12000.00,15.88
iuyu.com,True,4250.00,15.88
vuyu.com,True,90040.00,15.88
iuzu.com,True,19999.00,15.88
vuzu.com,True,500000.00,15.88
pumu.com,True,51450.00,15.88
muhu.com,True,18420.00,15.88
punu.com,True,99888.00,15.88
muiu.com,True,19999.00,15.88
fuvu.com,True,39999.00,15.88
muju.com,True,100000.00,15.88
judu.com,True,39000.00,15.88
suyu.com,True,250000.00,15.88
xuju.com,True,19000.00,15.88
wueu.com,True,6500.00,15.88
pusu.com,True,47000.00,15.88
eucu.com,True,19999.00,15.88
ruau.com,True,19999.00,15.88
uuiu.com,True,14577.00,15.88
huiu.com,True,26000.00,15.88
yuou.com,True,11998.00,15.88
kupu.com,True,59000.00,15.88
eubu.com,True,5000.00,15.88
cuvu.com,True,42250.00,15.88
kuqu.com,True,125000.00,15.88
eudu.com,True,12000.00,15.88
oucu.com,True,19999.00,15.88
yutu.com,True,100000.00,15.88
huou.com,True,19999.00,15.88
aucu.com,True,43750.00,15.88
uupu.com,True,3999.00,15.88
oueu.com,True,19997.00,15.88
euju.com,True,5000.00,15.88
huru.com,True,259999.00,15.88
aueu.com,True,11649.00,15.88
rumu.com,True,27278.00,15.88
uutu.com,True,18892.00,15.88
runu.com,True,158888.00,15.88
lucu.com,True,150000.00,15.88
uuvu.com,True,25000.00,15.88
xucy.com,True,20750.00,15.88
suoy.com,True,25000.00,15.88
fuoy.com,True,7950.00,15.88
pujy.com,True,4799.00,15.88
iuwy.com,True,6000.00,15.88
fupy.com,True,4500.00,15.88
vuwy.com,True,23911.00,15.88
suqy.com,True,5000.00,15.88
iuyy.com,True,7499.00,15.88
vuyy.com,True,6370.00,15.88
iuzy.com,True,10399.00,15.88
mufy.com,True,19999.00,15.88
buky.com,True,29000.00,15.88
susy.com,True,100000.00,15.88
fusy.com,True,45000.00,15.88
buly.com,True,35000.00,15.88
xufy.com,True,18125.00,15.88
futy.com,True,28000.00,15.88
muhy.com,True,11000.00,15.88
xugy.com,True,9999.00,15.88
juay.com,True,18000.00,15.88
pupy.com,True,55000.00,15.88
wuay.com,True,1999.00,15.88
mujy.com,True,534800.00,15.88
puqy.com,True,6775.00,15.88
suwy.com,True,7950.00,15.88
buqy.com,True,35000.00,15.88
wuey.com,True,3000.00,15.88
jufy.com,True,12730.00,15.88
puty.com,True,35000.00,15.88
xuny.com,True,6195.00,15.88
wuiy.com,True,5000.00,15.88
puzy.com,True,19999.00,15.88
xuvy.com,True,34330.00,15.88
kuoy.com,True,7950.00,15.88
nuvy.com,True,9999.00,15.88
yuoy.com,True,19999.00,15.88
uuiy.com,True,6000.00,15.88
euay.com,True,1299.00,15.88
nuwy.com,True,9999.00,15.88
uujy.com,True,21876.00,15.88
hujy.com,True,25000.00,15.88
yuqy.com,True,13199.00,15.88
ruey.com,True,4999.00,15.88
cuyy.com,True,3000.00,15.88
yury.com,True,75000.00,15.88
ouxy.com,True,4218.00,15.88
yusy.com,True,5000.00,15.88
rugy.com,True,39999.00,15.88
kuty.com,True,56000.00,15.88
humy.com,True,29000.00,15.88
ruhy.com,True,8999.00,15.88
ouay.com,True,995.00,15.88
ruiy.com,True,19999.00,15.88
euhy.com,True,2950.00,15.88
kuvy.com,True,9500.00,15.88
ouby.com,True,13911.00,15.88
uupy.com,True,1888.00,15.88
kuwy.com,True,19999.00,15.88
oudy.com,True,12500.00,15.88
ruky.com,True,19999.00,15.88
huqy.com,True,19000.00,15.88
yuyy.com,True,3000.00,15.88
uury.com,True,30000.00,15.88
euky.com,True,614017.00,15.88
kuzy.com,True,28000.00,15.88
oufy.com,True,24888.00,15.88
auey.com,True,19999.00,15.88
ougy.com,True,8299.00,15.88
runy.com,True,19795.00,15.88
huty.com,True,29000.00,15.88
augy.com,True,297000.00,15.88
ouiy.com,True,6000.00,15.88
euuy.com,True,15792.00,15.88
lumy.com,True,150000.00,15.88
byga.com,True,14395.00,15.88
fyna.com,True,32995.00,15.88
pyia.com,True,14534.00,15.88
vyua.com,True,9888.00,15.88
syoa.com,True,11500.00,15.88
pyja.com,True,15995.00,15.88
myea.com,True,10800.00,15.88
iyza.com,True,8495.00,15.88
byla.com,True,29000.00,15.88
jyxa.com,True,6000.00,15.88
xyfa.com,True,7950.00,15.88
jyca.com,True,19999.00,15.88
wyxa.com,True,7950.00,15.88
jyaa.com,True,11399.00,15.88
fyua.com,True,19999.00,15.88
jyba.com,True,9470.00,15.88
wyaa.com,True,19999.00,15.88
fyva.com,True,7950.00,15.88
bypa.com,True,24995.00,15.88
pyqa.com,True,6000.00,15.88
jyda.com,True,19999.00,15.88
fywa.com,True,7950.00,15.88
xyja.com,True,2500.00,15.88
wyda.com,True,34000.00,15.88
xyka.com,True,31988.00,15.88
tyxa.com,True,20595.00,15.88
wyga.com,True,19999.00,15.88
myqa.com,True,4999.00,15.88
mywa.com,True,24499.00,15.88
yyna.com,True,5282.00,15.88
nywa.com,True,19999.00,15.88
uyia.com,True,1995.00,15.88
hyia.com,True,3788.00,15.88
yyoa.com,True,6000.00,15.88
kyqa.com,True,5000.00,15.88
yypa.com,True,9400.00,15.88
cywa.com,True,16995.00,15.88
nyza.com,True,15599.00,15.88
ryea.com,True,2995.00,15.88
hyka.com,True,19999.00,15.88
uyla.com,True,6404.00,15.88
ryga.com,True,24999.00,15.88
kyta.com,True,19999.00,15.88
ayxa.com,True,19999.00,15.88
oyaa.com,True,65999.00,15.88
ryha.com,True,2099.00,15.88
kyua.com,True,1288.00,15.88
ryia.com,True,40595.00,15.88
uyoa.com,True,19999.00,15.88
hyoa.com,True,48592.00,15.88
kyva.com,True,7500.00,15.88
yyua.com,True,708.00,15.88
yywa.com,True,4499.00,15.88
uyra.com,True,19999.00,15.88
hyra.com,True,150000.00,15.88
yyya.com,True,28169.00,15.88
ryma.com,True,35000.00,15.88
ayfa.com,True,8000.00,15.88
oyha.com,True,9888.00,15.88
uyta.com,True,19999.00,15.88
hyta.com,True,19999.00,15.88
ryoa.com,True,7950.00,15.88
uyya.com,True,7950.00,15.88
oyqa.com,True,419994.00,15.88
iyga.com,True,23799.00,15.88
fyha.com,True,28888.00,15.88
pyhe.com,True,7950.00,15.88
byge.com,True,24995.00,15.88
vyte.com,True,31366.00,15.88
xyxe.com,True,13199.00,15.88
pyie.com,True,4995.00,15.88
fyoe.com,True,132128.00,15.88
byhe.com,True,7500.00,15.88
iyve.com,True,25000.00,15.88
sype.com,True,29999.00,15.88
pyje.com,True,9995.00,15.88
byie.com,True,19999.00,15.88
iyye.com,True,7000.00,15.88
vyye.com,True,19000.00,15.88
fyre.com,True,325000.00,15.88
jyxe.com,True,9150.00,15.88
wyxe.com,True,19999.00,15.88
xyfe.com,True,18999.00,15.88
syte.com,True,3250000.00,15.88
jyce.com,True,53480.00,15.88
myie.com,True,13000.00,15.88
pyoe.com,True,4499.00,15.88
byne.com,True,3521.00,15.88
wyae.com,True,19999.00,15.88
fywe.com,True,7399.00,15.88
fyye.com,True,4499.00,15.88
syye.com,True,9350.00,15.88
byqe.com,True,7995.00,15.88
byre.com,True,45000.00,15.88
wyfe.com,True,37990.00,15.88
hyhe.com,True,4999.00,15.88
kyoe.com,True,19999.00,15.88
uyhe.com,True,1999.00,15.88
ryae.com,True,7950.00,15.88
cyue.com,True,10000.00,15.88
uyie.com,True,3674.00,15.88
yype.com,True,19999.00,15.88
kyqe.com,True,10799.00,15.88
yyqe.com,True,1995.00,15.88
uyke.com,True,4950.00,15.88
ryee.com,True,7950.00,15.88
oyce.com,True,19999.00,15.88
oyae.com,True,12188.00,15.88
yyte.com,True,12000.00,15.88
eyge.com,True,3500.00,15.88
ryhe.com,True,3515.00,15.88
uyne.com,True,13995.00,15.88
oybe.com,True,7950.00,15.88
ayce.com,True,125000.00,15.88
eyhe.com,True,19999.00,15.88
uype.com,True,6000.00,15.88
yywe.com,True,6648.00,15.88
hyqe.com,True,24999.00,15.88
kyye.com,True,26000.00,15.88
oyfe.com,True,888.00,15.88
hyre.com,True,425000.00,15.88
kyze.com,True,13910.00,15.88
eyke.com,True,17299.00,15.88
uyre.com,True,88000.00,15.88
yyze.com,True,2900.00,15.88
lyxe.com,True,126085.00,15.88
oyhe.com,True,3788.00,15.88
ayfe.com,True,29995.00,15.88
lyce.com,True,35901.00,15.88
uyte.com,True,1999.00,15.88
oyie.com,True,7950.00,15.88
uyve.com,True,8999.00,15.88
uywe.com,True,19999.00,15.88
bygi.com,True,14999.00,15.88
pyhi.com,True,7950.00,15.88
fyni.com,True,7950.00,15.88
iyui.com,True,19999.00,15.88
xyci.com,True,27700.00,15.88
syoi.com,True,4999.00,15.88
byhi.com,True,12000.00,15.88
vyui.com,True,9888.00,15.88
iyvi.com,True,9000.00,15.88
pyji.com,True,7950.00,15.88
byii.com,True,5000.00,15.88
xybi.com,True,7995.00,15.88
pyki.com,True,5000.00,15.88
syqi.com,True,13199.00,15.88
iyyi.com,True,45265.00,15.88
syri.com,True,125000.00,15.88
pyli.com,True,29000.00,15.88
fyri.com,True,13199.00,15.88
pymi.com,True,7495.00,15.88
fyui.com,True,26250.00,15.88
syui.com,True,19999.00,15.88
jyai.com,True,4095.00,15.88
pyoi.com,True,7000.00,15.88
wyai.com,True,2295.00,15.88
fyvi.com,True,3989.00,15.88
pypi.com,True,70000.00,15.88
jybi.com,True,37025.00,15.88
xyii.com,True,5595.00,15.88
fywi.com,True,7950.00,15.88
jydi.com,True,8000.00,15.88
wydi.com,True,6404.00,15.88
xyki.com,True,12585.00,15.88
pysi.com,True,125000.00,15.88
fyzi.com,True,10899.00,15.88
bysi.com,True,23911.00,15.88
pyti.com,True,33888.00,15.88
xymi.com,True,19999.00,15.88
byti.com,True,35000.00,15.88
jyhi.com,True,4999.00,15.88
gyai.com,True,24999.00,15.88
wyji.com,True,3514.00,15.88
xyui.com,True,826.00,15.88
tyti.com,True,11135.00,15.88
hyei.com,True,12000.00,15.88
nyvi.com,True,250000.00,15.88
yyni.com,True,6000.00,15.88
ryai.com,True,6250.00,15.88
hyhi.com,True,11295.00,15.88
nywi.com,True,7195.00,15.88
yyoi.com,True,7500.00,15.88
uyii.com,True,2499.00,15.88
nyyi.com,True,8999.00,15.88
eybi.com,True,7450.00,15.88
cyvi.com,True,14495.00,15.88
yypi.com,True,2138.00,15.88
rydi.com,True,8000.00,15.88
uyji.com,True,1695.00,15.88
nyzi.com,True,7150.00,15.88
eydi.com,True,40350.00,15.88
uyki.com,True,7799.00,15.88
eyei.com,True,24000.00,15.88
ryfi.com,True,11000.00,15.88
oyci.com,True,7950.00,15.88
cyzi.com,True,7950.00,15.88
rygi.com,True,7950.00,15.88
kyti.com,True,14000.00,15.88
uymi.com,True,19999.00,15.88
hymi.com,True,15000.00,15.88
oyai.com,True,60000.00,15.88
eygi.com,True,19999.00,15.88
kyui.com,True,19999.00,15.88
uyni.com,True,9500.00,15.88
yyui.com,True,23616.00,15.88
hyoi.com,True,7950.00,15.88
ryji.com,True,7950.00,15.88
uypi.com,True,19999.00,15.88
eyji.com,True,4304.00,15.88
yywi.com,True,6000.00,15.88
uyqi.com,True,3095.00,15.88
oyfi.com,True,7950.00,15.88
ryli.com,True,19999.00,15.88
hyri.com,True,4999.00,15.88
oygi.com,True,7950.00,15.88
ayei.com,True,110000.00,15.88
eyli.com,True,17999.00,15.88
oyhi.com,True,7950.00,15.88
ayfi.com,True,25000.00,15.88
zyxi.com,True,19999.00,15.88
lyci.com,True,19999.00,15.88
eyqi.com,True,2685.00,15.88
oyni.com,True,3674.00,15.88
oyui.com,True,2999.00,15.88
pyai.com,True,19888.00,15.88
iyuo.com,True,19999.00,15.88
vyto.com,True,18000.00,15.88
syno.com,True,105045.00,15.88
mybo.com,True,52000.00,15.88
iyvo.com,True,9350.00,15.88
pyio.com,True,7950.00,15.88
fyoo.com,True,14995.00,15.88
fypo.com,True,9999.00,15.88
iyyo.com,True,18888.00,15.88
byjo.com,True,10000.00,15.88
fyqo.com,True,25299.00,15.88
iyzo.com,True,100000.00,15.88
wyxo.com,True,25299.00,15.88
jyco.com,True,9000.00,15.88
pyno.com,True,9999.00,15.88
jyao.com,True,24999.00,15.88
byno.com,True,43911.00,15.88
syuo.com,True,19999.00,15.88
myjo.com,True,19000.00,15.88
wyao.com,True,1379.00,15.88
fyvo.com,True,27250.00,15.88
jydo.com,True,2500.00,15.88
sywo.com,True,19450.00,15.88
byqo.com,True,13199.00,15.88
jyeo.com,True,2125.00,15.88
xyjo.com,True,6888.00,15.88
wyeo.com,True,7050.00,15.88
jyfo.com,True,19999.00,15.88
fyzo.com,True,9999.00,15.88
myno.com,True,48000.00,15.88
byso.com,True,21499.00,15.88
gyxo.com,True,19999.00,15.88
xymo.com,True,151070.00,15.88
myso.com,True,50000.00,15.88
gyfo.com,True,8000.00,15.88
gyto.com,True,19999.00,15.88
nyto.com,True,19999.00,15.88
yyno.com,True,3900.00,15.88
cyto.com,True,250000.00,15.88
ryao.com,True,7950.00,15.88
yyoo.com,True,30000.00,15.88
uyio.com,True,14999.00,15.88
rybo.com,True,42000.00,15.88
hyio.com,True,19999.00,15.88
yypo.com,True,1700.00,15.88
kyqo.com,True,8210.00,15.88
cyvo.com,True,5500.00,15.88
nyzo.com,True,9999.00,15.88
uyko.com,True,19999.00,15.88
oyxo.com,True,2106.00,15.88
yyro.com,True,7235.00,15.88
uylo.com,True,24990.00,15.88
ryfo.com,True,19999.00,15.88
eygo.com,True,19999.00,15.88
uyno.com,True,2595.00,15.88
yyuo.com,True,9399.00,15.88
ryio.com,True,7950.00,15.88
hyoo.com,True,19000.00,15.88
oydo.com,True,3300.00,15.88
kywo.com,True,7950.00,15.88
ayao.com,True,443982.00,15.88
ryjo.com,True,95000.00,15.88
kyyo.com,True,6000.00,15.88
uyqo.com,True,19999.00,15.88
aybo.com,True,28999.00,15.88
oyfo.com,True,7950.00,15.88
kyzo.com,True,15000.00,15.88
uyro.com,True,19999.00,15.88
eymo.com,True,28000.00,15.88
oyio.com,True,19999.00,15.88
zyao.com,True,20246.00,15.88
eypo.com,True,5000.00,15.88
eyqo.com,True,5000.00,15.88
mydu.com,True,13911.00,15.88
myiu.com,True,10000.00,15.88
mymu.com,True,35000.00,15.88
mytu.com,True,80000.00,15.88
myzu.com,True,24724.00,15.88
nyeu.com,True,19999.00,15.88
nyhu.com,True,15000.00,15.88
nyiu.com,True,3999.00,15.88
nyju.com,True,1829.00,15.88
nylu.com,True,7933.00,15.88
nynu.com,True,9949.00,15.88
nyou.com,True,100000.00,15.88
nyuu.com,True,125000.00,15.88
nyvu.com,True,19999.00,15.88
nywu.com,True,2500.00,15.88
nyzu.com,True,7950.00,15.88
oycu.com,True,19999.00,15.88
oyau.com,True,4995.00,15.88
oybu.com,True,4999.00,15.88
oyeu.com,True,3699.00,15.88
oygu.com,True,7649.00,15.88
oyiu.com,True,19999.00,15.88
oyju.com,True,7042.00,15.88
oylu.com,True,49990.00,15.88
oymu.com,True,4995.00,15.88
oypu.com,True,1883.00,15.88
oytu.com,True,3899.00,15.88
oyzu.com,True,6000.00,15.88
pycu.com,True,19888.00,15.88
pybu.com,True,15999.00,15.88
pyeu.com,True,5000.00,15.88
pygu.com,True,10999.00,15.88
syny.com,True,110000.00,15.88
myay.com,True,19999.00,15.88
bygy.com,True,19995.00,15.88
pyhy.com,True,8000.00,15.88
syoy.com,True,13318.00,15.88
pyiy.com,True,1795.00,15.88
xyay.com,True,3858.00,15.88
vyvy.com,True,150000.00,15.88
sypy.com,True,15000.00,15.88
byiy.com,True,6000.00,15.88
xyby.com,True,12000.00,15.88
myfy.com,True,120000.00,15.88
vyyy.com,True,28169.00,15.88
fysy.com,True,20900.00,15.88
mygy.com,True,11490.00,15.88
xyfy.com,True,20000.00,15.88
jycy.com,True,27535.00,15.88
wyxy.com,True,12444.00,15.88
wycy.com,True,11698.00,15.88
byny.com,True,19999.00,15.88
xyhy.com,True,20000.00,15.88
wyby.com,True,36800.00,15.88
wydy.com,True,19999.00,15.88
byqy.com,True,2500.00,15.88
jyfy.com,True,20246.00,15.88
gyxy.com,True,32000.00,15.88
pyty.com,True,25000.00,15.88
xymy.com,True,6972.00,15.88
pyuy.com,True,315.00,15.88
gyay.com,True,1000.00,15.88
myry.com,True,23911.00,15.88
gyiy.com,True,3888.00,15.88
kycy.com,True,6250.00,15.88
kyoy.com,True,9000.00,15.88
eycy.com,True,5415.00,15.88
ryay.com,True,1900.00,15.88
hyiy.com,True,2955.00,15.88
yyoy.com,True,5999.00,15.88
eyay.com,True,12000.00,15.88
ryby.com,True,29524.00,15.88
cyvy.com,True,4999.00,15.88
uyjy.com,True,579.00,15.88
yypy.com,True,18892.00,15.88
eyby.com,True,6000.00,15.88
yyry.com,True,18892.00,15.88
hymy.com,True,35000.00,15.88
oycy.com,True,12888.00,15.88
eyfy.com,True,12725.00,15.88
oyay.com,True,19000.00,15.88
kyuy.com,True,2999.00,15.88
aycy.com,True,15000.00,15.88
eyhy.com,True,2033.00,15.88
kywy.com,True,16888.00,15.88
ayby.com,True,12000.00,15.88
yywy.com,True,28339.00,15.88
eyjy.com,True,19988.00,15.88
kyzy.com,True,36800.00,15.88
ryly.com,True,66665.00,15.88
hysy.com,True,29999.00,15.88
uysy.com,True,2395.00,15.88
lyxy.com,True,7293.00,15.88
eyly.com,True,7500.00,15.88
uyty.com,True,80000.00,15.88
ryny.com,True,24999.00,15.88
hyuy.com,True,600.00,15.88
iyxy.com,True,6000.00,15.88
